,target_1,target_2,target_3,target_4,target_5,target_6,target_7,target_8,target_9,target_10,target_11,target_12,target_13,target_14,target_15,target_16,target_17
0,Q_2_feature_1,Q_4_feature_2,Q_2_feature_3,Y_3_feature_120,Q_4_feature_5,Y_3_feature_47,Q_4_feature_95,Q_2_feature_8,Q_1_feature_29,Q_3_feature_84,Q_4_feature_11,Q_4_feature_133,Q_1_feature_13,Q_4_feature_95,Q_2_feature_15,Q_1_feature_16,Q_4_feature_17
1,Y_3_feature_117,Y_0_feature_2,Q_1_feature_3,Y_0_feature_120,Q_1_feature_5,Q_3_feature_47,Q_4_feature_6,Q_1_feature_8,Q_1_feature_99,Q_4_feature_120,Q_1_feature_11,Q_2_feature_110,Y_2_feature_47,Q_4_feature_112,Y_3_feature_117,Q_2_feature_16,Q_1_feature_17
2,Y_3_feature_47,Y_3_feature_117,Q_4_feature_120,Q_3_feature_120,Y_2_feature_117,Q_4_feature_104,Q_4_feature_7,Q_4_feature_133,Y_2_feature_99,Q_1_feature_10,Q_3_feature_11,Y_3_feature_95,Y_0_feature_31,Q_4_feature_52,Q_4_feature_15,Q_4_feature_16,Q_1_feature_31
3,Q_1_feature_1,Q_1_feature_2,Y_0_feature_3,Q_3_feature_110,Q_2_feature_5,Q_4_feature_6,Q_4_feature_99,Q_1_feature_133,Y_2_feature_133,Y_0_feature_120,Q_2_feature_11,Q_2_feature_133,Q_4_feature_31,Q_4_feature_93,Q_1_feature_15,Q_2_feature_26,Y_2_feature_120
4,Y_2_feature_47,Q_3_feature_120,Q_2_feature_136,Q_1_feature_10,Y_3_feature_117,Q_4_feature_84,Q_3_feature_32,Q_4_feature_120,Q_1_feature_110,Q_1_feature_108,Y_3_feature_120,Q_1_feature_133,Q_4_feature_13,Q_4_feature_85,Q_3_feature_120,Q_2_feature_31,Y_0_feature_17
5,Y_0_feature_1,Y_2_feature_59,Q_3_feature_120,Q_4_feature_120,Y_2_feature_47,Y_3_feature_117,Q_3_feature_84,Q_2_feature_133,Q_1_feature_12,Y_0_feature_31,Q_4_feature_42,Q_3_feature_133,Q_4_feature_44,Q_4_feature_68,Y_3_feature_47,Q_4_feature_42,Q_4_feature_133
6,Q_4_feature_127,Y_2_feature_120,Q_3_feature_3,Y_2_feature_39,Y_3_feature_47,metadata_5,Q_3_feature_55,Q_3_feature_47,Q_1_feature_10,Q_4_feature_133,Q_1_feature_120,Q_2_feature_84,Q_4_feature_120,Q_4_feature_128,Q_3_feature_117,Q_1_feature_87,Q_4_feature_58
7,Y_0_feature_120,Y_3_feature_47,Q_3_feature_117,Q_3_feature_9,Q_3_feature_117,Y_0_feature_104,Q_3_feature_51,Q_4_feature_127,Y_2_feature_40,Q_1_feature_120,Y_2_feature_47,Q_3_feature_11,Y_1_feature_31,Q_4_feature_69,Q_4_feature_120,Q_4_feature_6,Q_3_feature_17
8,Q_3_feature_42,Q_2_feature_2,Y_1_feature_66,Q_1_feature_4,Y_3_feature_120,Q_2_feature_84,Q_3_feature_47,Y_3_feature_99,Q_1_feature_120,Y_3_feature_59,Q_2_feature_84,Q_1_feature_10,Q_2_feature_136,Q_3_feature_33,Y_2_feature_117,Q_1_feature_26,Q_1_feature_58
9,Q_3_feature_13,Y_3_feature_130,Y_0_feature_120,Q_1_feature_110,Q_4_feature_84,Q_1_feature_120,Q_3_feature_124,Q_2_feature_30,Q_4_feature_42,Q_4_feature_10,Q_3_feature_47,Q_1_feature_29,Q_3_feature_120,Q_3_feature_112,Q_4_feature_84,Y_0_feature_110,Q_3_feature_120
10,Q_1_feature_47,Q_4_feature_91,Q_4_feature_84,Q_3_feature_133,Q_4_feature_40,Q_3_feature_117,Q_3_feature_107,Y_3_feature_20,Y_1_feature_31,Q_2_feature_29,Y_3_feature_39,Q_1_feature_84,Q_3_feature_33,Q_3_feature_43,Y_0_feature_15,Q_4_feature_104,Q_2_feature_84
11,Y_2_feature_134,Y_2_feature_117,Q_4_feature_31,Y_0_feature_84,Q_2_feature_31,Q_2_feature_130,Q_3_feature_99,Q_2_feature_7,Y_0_feature_130,Q_4_feature_42,Q_3_feature_120,Q_3_feature_110,Y_2_feature_117,Q_3_feature_49,Y_3_feature_120,Q_3_feature_84,Q_1_feature_133
12,Y_1_feature_39,Y_0_feature_120,Y_2_feature_42,Y_3_feature_10,Y_3_feature_133,Q_3_feature_120,Q_3_feature_69,Q_3_feature_117,Q_3_feature_12,Y_2_feature_59,Y_3_feature_47,Q_4_feature_40,Y_3_feature_117,Q_3_feature_81,Y_1_feature_126,Q_2_feature_12,Q_2_feature_31
13,Q_3_feature_120,Y_3_feature_67,Q_4_feature_40,Y_0_feature_47,Y_1_feature_67,Y_0_feature_6,Q_3_feature_35,Y_2_feature_93,Q_3_feature_108,Y_3_feature_67,Q_3_feature_117,Y_2_feature_130,Q_4_feature_26,Q_3_feature_110,Y_3_feature_18,Q_3_feature_5,Q_4_feature_42
14,Q_2_feature_18,Y_2_feature_133,Y_2_feature_50,Y_0_feature_110,Q_3_feature_5,Y_2_feature_64,Q_2_feature_6,Y_2_feature_120,Q_1_feature_51,Q_1_feature_31,Y_3_feature_110,Q_2_feature_136,Q_2_feature_13,Q_3_feature_69,Q_2_feature_133,Y_3_feature_114,Q_2_feature_58
15,Q_4_feature_136,Y_1_feature_107,Q_1_feature_136,Q_3_feature_108,Y_3_feature_31,Q_2_feature_104,Q_2_feature_14,Q_4_feature_104,Y_0_feature_84,Y_2_feature_20,Y_1_feature_11,Q_1_feature_136,Y_3_feature_128,Q_2_feature_6,Q_1_feature_130,Q_1_feature_77,Y_1_feature_133
16,Q_3_feature_107,Y_0_feature_39,Q_3_feature_84,Q_4_feature_42,Q_1_feature_31,Y_3_feature_130,Q_2_feature_12,Y_1_feature_8,Y_3_feature_42,Q_1_feature_133,Y_0_feature_11,Q_4_feature_136,Y_2_feature_78,Q_2_feature_11,Y_2_feature_67,Y_2_feature_133,Q_2_feature_133
17,Y_2_feature_93,Y_2_feature_126,Y_0_feature_110,Q_1_feature_49,Y_3_feature_78,Q_1_feature_6,Q_2_feature_93,Q_4_feature_96,Q_2_feature_135,Q_2_feature_54,Q_2_feature_127,Q_3_feature_84,Y_1_feature_39,Q_2_feature_14,Q_4_feature_44,Q_3_feature_107,Q_1_feature_120
18,Q_1_feature_126,Q_1_feature_130,Y_2_feature_117,Y_1_feature_77,Y_3_feature_138,Y_0_feature_16,Q_2_feature_126,Y_2_feature_10,Q_3_feature_117,Q_2_feature_45,Q_1_feature_84,Q_3_feature_33,Q_4_feature_117,Q_2_feature_12,Q_4_feature_45,Q_4_feature_45,Y_3_feature_110
19,Q_2_feature_69,Y_1_feature_18,Q_3_feature_135,Q_4_feature_117,Q_1_feature_122,Q_1_feature_104,Q_2_feature_135,Y_3_feature_40,Q_3_feature_63,Y_0_feature_21,Q_3_feature_56,Q_1_feature_12,Q_1_feature_31,Q_2_feature_112,Y_2_feature_56,Y_0_feature_30,Q_3_feature_133
20,Q_4_feature_42,Y_3_feature_110,Q_1_feature_47,Y_0_feature_49,Y_3_feature_67,Y_2_feature_134,Q_2_feature_99,Y_1_feature_93,Y_1_feature_133,Q_3_feature_108,Y_0_feature_126,Q_1_feature_110,Q_3_feature_107,Q_2_feature_74,Q_2_feature_63,Y_1_feature_122,Y_3_feature_133
21,Y_1_feature_133,Y_3_feature_12,Y_2_feature_93,Q_2_feature_133,Q_4_feature_7,Y_2_feature_42,Q_1_feature_24,Q_2_feature_127,Y_3_feature_120,Q_1_feature_33,Y_3_feature_80,Q_4_feature_110,Y_0_feature_39,Q_2_feature_81,Q_4_feature_42,Y_2_feature_114,Y_3_feature_31
22,Y_0_feature_40,Q_3_feature_40,Q_2_feature_133,Q_3_feature_33,Q_3_feature_81,Q_3_feature_126,Q_1_feature_136,Y_3_feature_47,Q_2_feature_18,Q_3_feature_33,Y_2_feature_45,Y_3_feature_4,Q_3_feature_63,Q_2_feature_25,Q_3_feature_84,Q_4_feature_84,Y_2_feature_20
23,Y_3_feature_56,Y_0_feature_49,Y_0_feature_42,Q_1_feature_133,Y_2_feature_59,Y_3_feature_18,Q_1_feature_101,metadata_5,Q_4_feature_18,Y_1_feature_133,Y_1_feature_25,Q_1_feature_11,Q_1_feature_130,Q_2_feature_79,Y_0_feature_45,Y_0_feature_69,Y_3_feature_123
24,Q_2_feature_76,Y_2_feature_99,Y_1_feature_50,Q_1_feature_84,Y_0_feature_39,Y_3_feature_69,Q_1_feature_99,Y_1_feature_67,Y_3_feature_107,Y_3_feature_31,Y_1_feature_93,Y_2_feature_47,Q_4_feature_136,Q_2_feature_111,Y_2_feature_47,Q_1_feature_76,Y_0_feature_58
25,Q_3_feature_6,Q_3_feature_97,Q_3_feature_40,Q_1_feature_136,Q_4_feature_133,Y_2_feature_126,Y_3_feature_9,Q_2_feature_117,Y_1_feature_81,Y_0_feature_63,Q_4_feature_93,Y_0_feature_110,Q_4_feature_42,Q_2_feature_69,Q_2_feature_130,Q_4_feature_122,Q_2_feature_17
26,Y_0_feature_97,Q_3_feature_133,Q_3_feature_56,Q_2_feature_49,Y_1_feature_80,Q_3_feature_133,Y_3_feature_136,Q_2_feature_84,Q_4_feature_40,Q_3_feature_133,Y_0_feature_39,Q_2_feature_12,Q_2_feature_31,Q_1_feature_112,Y_1_feature_47,Y_2_feature_107,Y_3_feature_18
27,Y_3_feature_81,Q_4_feature_84,Y_2_feature_135,Q_1_feature_93,Q_3_feature_33,Q_2_feature_30,Y_3_feature_42,Y_3_feature_30,Q_1_feature_128,Y_3_feature_84,Y_2_feature_117,Y_0_feature_47,Q_1_feature_39,Q_1_feature_70,Y_2_feature_135,Y_0_feature_77,Y_3_feature_40
28,Q_1_feature_136,Y_0_feature_107,Q_1_feature_18,Q_2_feature_54,Y_0_feature_120,Y_0_feature_110,Y_3_feature_94,Y_2_feature_69,Y_0_feature_56,Q_4_feature_84,Q_2_feature_40,Y_0_feature_107,Y_3_feature_47,Q_1_feature_93,Y_2_feature_120,Y_3_feature_69,Q_4_feature_31
29,Q_1_feature_78,Y_3_feature_94,Y_3_feature_110,Y_1_feature_110,Q_1_feature_93,Q_1_feature_136,Y_3_feature_70,Q_1_feature_96,Q_4_feature_93,Y_0_feature_133,Q_3_feature_93,Q_3_feature_40,Y_0_feature_45,Q_1_feature_69,Y_0_feature_130,Q_3_feature_133,Y_0_feature_78
30,Q_1_feature_42,Q_2_feature_54,Y_1_feature_93,Q_1_feature_97,Y_2_feature_94,Q_1_feature_133,Y_3_feature_32,Q_2_feature_136,Y_3_feature_20,Y_2_feature_120,Q_1_feature_136,Y_0_feature_122,Y_0_feature_107,Y_3_feature_9,Q_1_feature_18,Y_1_feature_117,Y_0_feature_135
31,Y_0_feature_96,Q_4_feature_54,Q_3_feature_67,Q_4_feature_136,Y_3_feature_126,Q_1_feature_84,Y_3_feature_51,Q_1_feature_93,Y_2_feature_31,Q_2_feature_133,Q_2_feature_108,Q_3_feature_16,Q_1_feature_26,Y_3_feature_31,Q_2_feature_136,Q_3_feature_97,Q_1_feature_84
32,Q_1_feature_10,Y_2_feature_107,Q_3_feature_81,Y_0_feature_133,Y_2_feature_97,Q_1_feature_138,Y_3_feature_39,Y_1_feature_42,Y_0_feature_99,Y_1_feature_84,Q_4_feature_31,Y_3_feature_107,Q_4_feature_30,Y_3_feature_30,Y_3_feature_42,Y_1_feature_13,Y_3_feature_117
33,Q_1_feature_81,Q_1_feature_33,Y_1_feature_18,Q_2_feature_47,Y_0_feature_130,Y_0_feature_45,Y_3_feature_3,Q_4_feature_110,Q_1_feature_114,Q_1_feature_67,Q_4_feature_136,Y_0_feature_85,Y_1_feature_57,Y_3_feature_109,Y_1_feature_42,Q_2_feature_56,Q_4_feature_84
34,Y_0_feature_94,Y_3_feature_84,Q_1_feature_84,Q_3_feature_39,Y_0_feature_63,Q_2_feature_47,Y_3_feature_28,Q_4_feature_7,Q_4_feature_47,Q_1_feature_21,Q_2_feature_31,Y_0_feature_130,Y_0_feature_84,Y_3_feature_112,Q_1_feature_126,Q_3_feature_94,Q_3_feature_84
35,Q_2_feature_84,Y_0_feature_108,Q_1_feature_126,Q_4_feature_20,Y_0_feature_107,Q_3_feature_33,Y_3_feature_88,Y_0_feature_42,Y_3_feature_39,Q_3_feature_30,Q_2_feature_136,Q_2_feature_26,Y_2_feature_49,Y_3_feature_42,Q_4_feature_31,Q_1_feature_127,Y_0_feature_50
36,Y_2_feature_117,Y_3_feature_133,Y_2_feature_59,metadata_9,Q_4_feature_117,Q_4_feature_126,Y_3_feature_65,Q_4_feature_3,Y_3_feature_40,Y_3_feature_107,Y_3_feature_45,Q_2_feature_40,Q_1_feature_133,Y_3_feature_59,Y_1_feature_133,Y_3_feature_127,Y_0_feature_42
37,Y_2_feature_76,Q_4_feature_67,Y_1_feature_126,Q_3_feature_47,Y_3_feature_20,Y_1_feature_130,Y_3_feature_127,Q_4_feature_84,Y_0_feature_76,Q_1_feature_130,Y_3_feature_31,Q_1_feature_66,Q_2_feature_84,Y_3_feature_52,Q_4_feature_133,Y_3_feature_39,Y_3_feature_126
38,Y_3_feature_133,Y_3_feature_30,Q_4_feature_66,Y_3_feature_47,Q_3_feature_67,Q_4_feature_130,Y_3_feature_105,Q_4_feature_87,Q_3_feature_40,Y_3_feature_77,Y_0_feature_31,Y_2_feature_117,Y_0_feature_133,Y_3_feature_60,Q_3_feature_47,Q_4_feature_39,Y_2_feature_49
39,Y_1_feature_42,Q_3_feature_91,Q_2_feature_63,Q_2_feature_84,Y_0_feature_5,Q_4_feature_117,Y_3_feature_135,Y_3_feature_133,Q_3_feature_67,Y_0_feature_93,Y_2_feature_39,Y_3_feature_73,Y_3_feature_10,Y_3_feature_39,Q_1_feature_84,Q_3_feature_26,Y_2_feature_135
40,Y_1_feature_1,Q_3_feature_2,Q_3_feature_110,Q_2_feature_117,Q_4_feature_136,Q_3_feature_110,Y_3_feature_114,Y_3_feature_127,Q_3_feature_78,Y_0_feature_39,Y_0_feature_69,Q_1_feature_31,Y_0_feature_18,Y_3_feature_97,Q_3_feature_30,Y_2_feature_56,Y_3_feature_120
41,Q_4_feature_44,Y_0_feature_58,Y_3_feature_140,Q_3_feature_63,Q_1_feature_84,Q_4_feature_136,Y_3_feature_99,Q_4_feature_8,Q_2_feature_40,Q_1_feature_110,Y_3_feature_42,Y_3_feature_30,Q_4_feature_135,Y_3_feature_101,Q_2_feature_18,Q_4_feature_87,Q_3_feature_85
42,Q_4_feature_120,Q_2_feature_17,Q_4_feature_39,Y_0_feature_18,Y_3_feature_108,Q_4_feature_110,Y_2_feature_6,Y_2_feature_20,Y_2_feature_20,Y_1_feature_39,Q_2_feature_93,Y_1_feature_130,Y_3_feature_50,Y_3_feature_3,Q_4_feature_18,Q_4_feature_114,Q_3_feature_47
43,Q_4_feature_1,Q_4_feature_17,Q_3_feature_78,Q_1_feature_46,Y_1_feature_5,Q_2_feature_31,Y_2_feature_109,Y_3_feature_45,Y_0_feature_85,Q_2_feature_5,Y_3_feature_40,Q_2_feature_21,Y_2_feature_31,Y_3_feature_1,Q_4_feature_127,Y_2_feature_59,Y_0_feature_120
44,Q_4_feature_45,Q_1_feature_91,Q_3_feature_126,Y_1_feature_81,Q_1_feature_21,Q_3_feature_84,Y_2_feature_94,Y_2_feature_30,Y_1_feature_117,Q_1_feature_54,Q_2_feature_60,Q_4_feature_77,Y_1_feature_110,Y_3_feature_124,Q_4_feature_118,Q_1_feature_51,Y_2_feature_31
45,Y_2_feature_14,Y_0_feature_91,Y_1_feature_122,Q_1_feature_31,Q_4_feature_95,Y_3_feature_12,Y_2_feature_65,Y_0_feature_40,Q_3_feature_133,Y_3_feature_39,Q_4_feature_71,Y_1_feature_126,Y_2_feature_140,Y_3_feature_18,Y_1_feature_3,Q_4_feature_29,Q_2_feature_93
46,Q_4_feature_87,Y_2_feature_2,Q_2_feature_110,Y_1_feature_51,Q_4_feature_10,Y_2_feature_47,Y_2_feature_118,Y_1_feature_40,Y_3_feature_76,Q_1_feature_28,Q_4_feature_120,Q_1_feature_67,Y_3_feature_59,Y_3_feature_69,Y_0_feature_26,Y_1_feature_127,Y_1_feature_9
47,Y_0_feature_57,Y_3_feature_91,Y_3_feature_67,Q_1_feature_47,Y_3_feature_84,Y_3_feature_127,Y_2_feature_99,Y_2_feature_47,Y_0_feature_31,Y_2_feature_133,Q_1_feature_132,Q_1_feature_75,Q_3_feature_6,Y_2_feature_78,Y_2_feature_57,Y_3_feature_59,Y_0_feature_91
48,Y_3_feature_1,,Q_3_feature_133,Y_0_feature_39,Y_1_feature_44,Q_3_feature_99,Y_1_feature_84,Y_0_feature_8,Y_0_feature_77,Q_2_feature_33,Y_3_feature_71,Y_3_feature_42,Y_1_feature_20,Y_2_feature_11,Q_1_feature_5,Y_1_feature_30,Y_2_feature_58
49,Q_4_feature_78,,Y_1_feature_67,Q_1_feature_29,Q_4_feature_51,Q_4_feature_12,Y_1_feature_55,Q_4_feature_6,Y_3_feature_18,Q_4_feature_40,Q_4_feature_132,Y_3_feature_12,Y_3_feature_126,Y_2_feature_9,Q_3_feature_15,Q_2_feature_110,Q_1_feature_91
50,Q_3_feature_58,,Y_2_feature_118,Y_0_feature_99,Y_0_feature_44,Y_3_feature_136,Y_1_feature_68,Q_3_feature_8,Q_3_feature_107,Q_2_feature_110,Q_4_feature_60,Y_3_feature_99,Q_1_feature_29,Y_2_feature_134,Y_3_feature_6,Q_2_feature_136,Q_4_feature_2
51,Y_3_feature_48,,Q_4_feature_45,Y_3_feature_133,Y_0_feature_110,Q_1_feature_25,Y_1_feature_23,Q_2_feature_141,Q_3_feature_110,Y_0_feature_110,Q_3_feature_71,Q_4_feature_26,Y_0_feature_13,Y_2_feature_30,Y_1_feature_135,Q_3_feature_120,Q_4_feature_91
52,Y_0_feature_44,,Q_4_feature_44,Q_4_feature_50,Q_1_feature_118,Q_1_feature_29,Y_1_feature_117,Y_2_feature_71,Q_4_feature_78,Y_0_feature_5,Y_3_feature_17,Q_1_feature_57,Y_2_feature_3,Y_2_feature_109,Q_2_feature_3,Y_2_feature_78,Q_3_feature_58
53,Y_1_feature_112,,Q_4_feature_127,Y_1_feature_84,Q_3_feature_113,Y_2_feature_3,Y_0_feature_88,Q_4_feature_17,Q_1_feature_108,Q_4_feature_127,Y_2_feature_60,metadata_5,Y_0_feature_96,Y_2_feature_66,Q_4_feature_81,Q_1_feature_81,Y_0_feature_14
54,Q_1_feature_41,,Q_2_feature_14,Y_1_feature_20,Y_2_feature_110,Q_2_feature_6,Y_0_feature_68,Q_2_feature_14,Q_1_feature_18,Q_2_feature_12,Q_4_feature_127,metadata_8,Q_2_feature_19,Y_2_feature_112,Y_3_feature_20,Q_4_feature_120,
55,Q_2_feature_24,,Q_4_feature_3,Q_3_feature_21,Q_3_feature_90,Y_0_feature_64,Y_0_feature_99,Y_3_feature_58,Q_3_feature_120,Q_1_feature_51,Q_3_feature_132,Q_1_feature_9,Y_0_feature_14,Y_2_feature_32,Q_2_feature_39,Q_4_feature_44,
56,Y_2_feature_29,,Y_1_feature_3,Y_0_feature_117,Q_3_feature_10,Y_3_feature_16,Y_0_feature_80,Y_3_feature_1,Y_3_feature_67,Y_0_feature_40,Y_2_feature_71,Y_2_feature_29,Y_2_feature_77,Y_2_feature_60,Y_1_feature_108,Y_2_feature_77,
57,Q_2_feature_28,,Q_2_feature_58,Q_2_feature_110,Y_2_feature_20,Q_2_feature_8,Y_0_feature_13,Q_4_feature_16,Q_4_feature_130,Q_1_feature_12,,Q_2_feature_93,Y_1_feature_13,Y_2_feature_88,Y_2_feature_50,Y_3_feature_71,
58,Q_1_feature_13,,Q_2_feature_114,Q_4_feature_28,Y_1_feature_20,Q_2_feature_16,Y_0_feature_45,Q_4_feature_71,Q_4_feature_136,Y_0_feature_108,,Y_0_feature_30,Q_1_feature_48,Y_2_feature_135,Q_1_feature_63,Q_4_feature_11,
59,Y_2_feature_11,,Y_1_feature_1,Q_2_feature_51,Y_2_feature_124,Y_1_feature_8,,Y_1_feature_6,Q_4_feature_76,metadata_8,,Y_0_feature_40,Q_4_feature_45,Y_2_feature_16,Q_1_feature_29,Q_2_feature_132,
60,Y_0_feature_24,,Y_1_feature_94,Q_2_feature_66,Q_2_feature_29,Y_2_feature_130,,Q_3_feature_2,Q_1_feature_133,Q_1_feature_9,,Y_2_feature_81,Y_3_feature_13,Y_1_feature_17,Q_4_feature_9,Q_1_feature_104,
61,,,Y_3_feature_6,Q_4_feature_1,Y_2_feature_40,Y_1_feature_85,,Y_2_feature_136,Y_2_feature_76,Q_1_feature_45,,Q_2_feature_108,Y_1_feature_44,Y_1_feature_9,Y_2_feature_90,Y_3_feature_124,
62,,,Q_2_feature_45,Y_3_feature_110,Y_3_feature_93,Q_3_feature_16,,Q_4_feature_124,Q_2_feature_90,Y_2_feature_108,,Q_2_feature_9,Q_3_feature_5,Y_1_feature_30,Y_2_feature_1,Y_2_feature_111,
63,,,Y_1_feature_46,Y_0_feature_21,Q_2_feature_14,Q_3_feature_104,,Y_2_feature_128,Q_4_feature_29,Q_4_feature_21,,Q_4_feature_29,Q_1_feature_77,Y_1_feature_39,Q_3_feature_63,Y_1_feature_77,
64,,,Y_3_feature_5,Q_3_feature_54,Y_0_feature_117,Q_4_feature_8,,Q_2_feature_16,Y_1_feature_76,Y_0_feature_29,,Q_4_feature_33,Q_2_feature_141,Y_1_feature_97,Y_0_feature_117,Q_2_feature_48,
65,,,,Q_2_feature_93,Q_2_feature_132,Q_3_feature_6,,Y_2_feature_11,Q_2_feature_10,Y_1_feature_42,,Q_1_feature_4,Y_2_feature_124,Y_1_feature_132,Y_1_feature_1,Q_3_feature_98,
66,,,,Q_1_feature_57,Q_2_feature_15,Y_0_feature_120,,Q_3_feature_76,Q_2_feature_33,Y_1_feature_52,,Y_3_feature_93,Y_3_feature_69,Y_1_feature_28,Q_1_feature_17,Q_3_feature_30,
67,,,,Y_0_feature_29,Q_4_feature_14,Y_0_feature_26,,Y_2_feature_14,Y_3_feature_95,Q_1_feature_29,,Q_1_feature_21,Q_3_feature_84,Y_1_feature_68,Q_1_feature_124,Q_2_feature_9,
68,,,,Q_2_feature_4,Y_0_feature_111,Y_1_feature_16,,Q_4_feature_56,Q_3_feature_28,Q_1_feature_57,,Q_2_feature_109,Y_2_feature_57,Y_0_feature_6,Y_1_feature_4,Q_2_feature_112,
69,,,,Q_1_feature_33,Q_3_feature_69,Q_4_feature_48,,Y_0_feature_18,Q_3_feature_21,Y_2_feature_52,,Q_1_feature_54,Y_2_feature_7,Y_0_feature_74,Y_3_feature_111,Y_1_feature_16,
70,,,,Q_1_feature_90,Q_3_feature_31,Q_3_feature_56,,Y_1_feature_124,Q_1_feature_54,Y_0_feature_104,,Y_0_feature_4,Y_3_feature_110,Y_0_feature_97,Q_3_feature_21,Y_0_feature_117,
71,,,,Q_2_feature_10,Q_2_feature_84,Q_4_feature_133,,Q_4_feature_76,Q_3_feature_90,Q_1_feature_90,,Q_2_feature_10,Y_1_feature_2,Y_0_feature_15,Q_4_feature_104,Y_0_feature_100,
72,,,,Y_2_feature_1,,Q_2_feature_41,,Y_3_feature_8,Y_2_feature_110,Q_3_feature_29,,Q_1_feature_51,Y_3_feature_20,Y_0_feature_99,Q_2_feature_84,Y_1_feature_41,
73,,,,Q_2_feature_28,,Q_2_feature_48,,Y_3_feature_3,Q_2_feature_57,Q_4_feature_33,,metadata_9,Y_1_feature_63,Y_0_feature_69,Q_2_feature_132,,
74,,,,Q_1_feature_12,,Y_2_feature_73,,Q_2_feature_111,Q_3_feature_57,Q_2_feature_9,,Q_1_feature_108,Q_3_feature_40,Y_0_feature_123,Y_2_feature_78,,
75,,,,Y_0_feature_4,,Q_3_feature_97,,Y_0_feature_15,Q_4_feature_110,Q_1_feature_104,,Y_0_feature_117,Q_3_feature_47,,Y_0_feature_113,,
76,,,,Q_4_feature_4,,Y_3_feature_64,,Y_1_feature_31,Y_3_feature_4,Y_1_feature_34,,Y_0_feature_31,Y_2_feature_114,,Y_2_feature_15,,
77,,,,Y_2_feature_110,,Y_3_feature_93,,Q_1_feature_42,Q_4_feature_12,Y_0_feature_122,,Q_3_feature_9,Q_3_feature_13,,Y_1_feature_15,,
78,,,,Q_1_feature_28,,Q_1_feature_18,,Q_4_feature_94,Y_2_feature_108,Y_1_feature_35,,Q_4_feature_108,Q_1_feature_30,,,,
79,,,,Q_4_feature_12,,Y_1_feature_37,,Q_4_feature_45,Y_3_feature_12,Y_0_feature_4,,Q_3_feature_73,Y_2_feature_122,,,,
80,,,,Q_2_feature_12,,Q_3_feature_37,,Y_1_feature_86,Y_3_feature_1,Q_3_feature_89,,Q_3_feature_80,Q_1_feature_49,,,,
81,,,,Y_0_feature_54,,Q_4_feature_16,,Y_1_feature_117,Q_2_feature_5,Y_2_feature_33,,Y_0_feature_133,Y_2_feature_13,,,,
82,,,,Q_3_feature_4,,,,Y_0_feature_3,Q_2_feature_29,Q_2_feature_57,,Q_1_feature_77,,,,,
83,,,,Y_3_feature_4,,,,,Q_1_feature_4,Y_1_feature_117,,Y_2_feature_54,,,,,
84,,,,Q_2_feature_57,,,,,Y_3_feature_110,Q_1_feature_4,,Y_3_feature_102,,,,,
85,,,,Q_1_feature_51,,,,,Q_2_feature_110,Q_2_feature_10,,Q_2_feature_54,,,,,
86,,,,Y_2_feature_78,,,,,Q_3_feature_29,Q_3_feature_9,,Q_3_feature_86,,,,,
87,,,,Q_1_feature_58,,,,,Y_3_feature_57,,,,,,,,
88,,,,Y_3_feature_98,,,,,Y_3_feature_33,,,,,,,,
89,,,,Y_2_feature_80,,,,,Q_3_feature_59,,,,,,,,
90,,,,Q_2_feature_2,,,,,Y_1_feature_59,,,,,,,,
91,,,,,,,,,Y_0_feature_29,,,,,,,,
92,,,,,,,,,Q_4_feature_108,,,,,,,,
93,,,,,,,,,Y_0_feature_108,,,,,,,,
94,,,,,,,,,Q_1_feature_9,,,,,,,,
95,,,,,,,,,Y_0_feature_110,,,,,,,,
96,,,,,,,,,Q_2_feature_51,,,,,,,,
97,,,,,,,,,Y_2_feature_1,,,,,,,,
98,,,,,,,,,Q_4_feature_31,,,,,,,,
99,,,,,,,,,Y_3_feature_29,,,,,,,,
100,,,,,,,,,Q_1_feature_111,,,,,,,,
101,,,,,,,,,Q_2_feature_21,,,,,,,,
102,,,,,,,,,metadata_9,,,,,,,,
103,,,,,,,,,Q_4_feature_80,,,,,,,,
104,,,,,,,,,Q_1_feature_130,,,,,,,,
105,,,,,,,,,Y_2_feature_28,,,,,,,,
106,,,,,,,,,Y_1_feature_80,,,,,,,,
107,,,,,,,,,Y_2_feature_57,,,,,,,,
108,,,,,,,,,Q_4_feature_87,,,,,,,,
109,,,,,,,,,Q_1_feature_57,,,,,,,,
110,,,,,,,,,Q_1_feature_90,,,,,,,,
111,,,,,,,,,Q_1_feature_69,,,,,,,,
